chemin_source,classe,matiere,strate,chapitre_numero,chapitre_titre,type_document,taille_octets,statut
C:\Users\DELL\OneDrive\Desktop\00 - DOCS PERSONNELS & PROJETS\P01- FAYEMATH ACADEMY\03 - CONTENU PÉDAGOGIQUE\COLLEGE\6e - Maths\01 - Activités Numériques\Chap 01 - Nombres décimaux arithmétiques\01 - Cours\Cours - Chap 01 - Nombres décimaux arithmétiques.pdf,6e,Mathematiques,Numérique,01,Nombres décimaux arithmétiques,Cours,160174,gratuit
C:\Users\DELL\OneDrive\Desktop\00 - DOCS PERSONNELS & PROJETS\P01- FAYEMATH ACADEMY\03 - CONTENU PÉDAGOGIQUE\COLLEGE\6e - Maths\01 - Activités Numériques\Chap 01 - Nombres décimaux arithmétiques\01 - Cours\Méthodes - Chap 01 - Nombres décimaux arithmétiques.pdf,6e,Mathematiques,Numérique,01,Nombres décimaux arithmétiques,Méthodes,148411,gratuit
C:\Users\DELL\OneDrive\Desktop\00 - DOCS PERSONNELS & PROJETS\P01- FAYEMATH ACADEMY\03 - CONTENU PÉDAGOGIQUE\COLLEGE\6e - Maths\01 - Activités Numériques\Chap 01 - Nombres décimaux arithmétiques\02 - Exercices\Exercices - Chap 01 - Nombres décimaux arithmétiques.pdf,6e,Mathematiques,Numérique,01,Nombres décimaux arithmétiques,Exercices,123936,gratuit
C:\Users\DELL\OneDrive\Desktop\00 - DOCS PERSONNELS & PROJETS\P01- FAYEMATH ACADEMY\03 - CONTENU PÉDAGOGIQUE\COLLEGE\6e - Maths\01 - Activités Numériques\Chap 01 - Nombres décimaux arithmétiques\03 - Corrections\Corrigé - Chap 01 - Nombres décimaux arithmétiques.pdf,6e,Mathematiques,Numérique,01,Nombres décimaux arithmétiques,Corrigé,137868,premium
C:\Users\DELL\OneDrive\Desktop\00 - DOCS PERSONNELS & PROJETS\P01- FAYEMATH ACADEMY\03 - CONTENU PÉDAGOGIQUE\COLLEGE\6e - Maths\01 - Activités Numériques\Chap 01 - Nombres décimaux arithmétiques\04 - Révisions\Révision - Chap 01 - Nombres décimaux arithmétiques.pdf,6e,Mathematiques,Numérique,01,Nombres décimaux arithmétiques,Révision,152079,gratuit
C:\Users\DELL\OneDrive\Desktop\00 - DOCS PERSONNELS & PROJETS\P01- FAYEMATH ACADEMY\03 - CONTENU PÉDAGOGIQUE\COLLEGE\6e - Maths\01 - Activités Numériques\Chap 02 - Addition des nombres décimaux arithmétiques\01 - Cours\Cours - Chap 02 - Addition des nombres décimaux arithmétiques.pdf,6e,Mathematiques,Numérique,02,Addition des nombres décimaux arithmétiques,Cours,175269,gratuit
C:\Users\DELL\OneDrive\Desktop\00 - DOCS PERSONNELS & PROJETS\P01- FAYEMATH ACADEMY\03 - CONTENU PÉDAGOGIQUE\COLLEGE\6e - Maths\01 - Activités Numériques\Chap 02 - Addition des nombres décimaux arithmétiques\02 - Exercices\Exercices - Chap 02 - Addition des nombres décimaux arithmétiques.pdf,6e,Mathematiques,Numérique,02,Addition des nombres décimaux arithmétiques,Exercices,119320,gratuit
C:\Users\DELL\OneDrive\Desktop\00 - DOCS PERSONNELS & PROJETS\P01- FAYEMATH ACADEMY\03 - CONTENU PÉDAGOGIQUE\COLLEGE\6e - Maths\01 - Activités Numériques\Chap 02 - Addition des nombres décimaux arithmétiques\03 - Corrections\Corrigé - Chap 02 - Addition des nombres décimaux arithmétiques.pdf,6e,Mathematiques,Numérique,02,Addition des nombres décimaux arithmétiques,Corrigé,142559,premium
C:\Users\DELL\OneDrive\Desktop\00 - DOCS PERSONNELS & PROJETS\P01- FAYEMATH ACADEMY\03 - CONTENU PÉDAGOGIQUE\COLLEGE\6e - Maths\01 - Activités Numériques\Chap 02 - Addition des nombres décimaux arithmétiques\04 - Révisions\Révision - Chap 02 - Addition des nombres décimaux arithmétiques.pdf,6e,Mathematiques,Numérique,02,Addition des nombres décimaux arithmétiques,Révision,130751,gratuit
C:\Users\DELL\OneDrive\Desktop\00 - DOCS PERSONNELS & PROJETS\P01- FAYEMATH ACADEMY\03 - CONTENU PÉDAGOGIQUE\COLLEGE\6e - Maths\01 - Activités Numériques\Chap 03 - Soustraction des nombres décimaux arithmétiques\01 - Cours\Cours - Chap 03 - Soustraction des nombres décimaux arithmétiques.pdf,6e,Mathematiques,Numérique,03,Soustraction des nombres décimaux arithmétiques,Cours,191751,gratuit
C:\Users\DELL\OneDrive\Desktop\00 - DOCS PERSONNELS & PROJETS\P01- FAYEMATH ACADEMY\03 - CONTENU PÉDAGOGIQUE\COLLEGE\6e - Maths\01 - Activités Numériques\Chap 03 - Soustraction des nombres décimaux arithmétiques\02 - Exercices\Exercices - Chap 03 - Soustraction des nombres décimaux arithmétiques.pdf,6e,Mathematiques,Numérique,03,Soustraction des nombres décimaux arithmétiques,Exercices,131236,premium
C:\Users\DELL\OneDrive\Desktop\00 - DOCS PERSONNELS & PROJETS\P01- FAYEMATH ACADEMY\03 - CONTENU PÉDAGOGIQUE\COLLEGE\6e - Maths\01 - Activités Numériques\Chap 03 - Soustraction des nombres décimaux arithmétiques\03 - Corrections\Corrigé - Chap 03 - Soustraction des nombres décimaux arithmétiques.pdf,6e,Mathematiques,Numérique,03,Soustraction des nombres décimaux arithmétiques,Corrigé,152427,premium
C:\Users\DELL\OneDrive\Desktop\00 - DOCS PERSONNELS & PROJETS\P01- FAYEMATH ACADEMY\03 - CONTENU PÉDAGOGIQUE\COLLEGE\6e - Maths\01 - Activités Numériques\Chap 03 - Soustraction des nombres décimaux arithmétiques\04 - Révisions\Révision - Chap 03 - Soustraction des nombres décimaux arithmétiques.pdf,6e,Mathematiques,Numérique,03,Soustraction des nombres décimaux arithmétiques,Révision,157706,gratuit
C:\Users\DELL\OneDrive\Desktop\00 - DOCS PERSONNELS & PROJETS\P01- FAYEMATH ACADEMY\03 - CONTENU PÉDAGOGIQUE\COLLEGE\6e - Maths\01 - Activités Numériques\Chap 04 - Rangement des nombres décimaux arithmétiques\01 - Cours\Cours - Chap 04 - Rangement des nombres décimaux arithmétiques.pdf,6e,Mathematiques,Numérique,04,Rangement des nombres décimaux arithmétiques,Cours,127250,gratuit
C:\Users\DELL\OneDrive\Desktop\00 - DOCS PERSONNELS & PROJETS\P01- FAYEMATH ACADEMY\03 - CONTENU PÉDAGOGIQUE\COLLEGE\6e - Maths\01 - Activités Numériques\Chap 04 - Rangement des nombres décimaux arithmétiques\02 - Exercices\Exercices - Chap 04 - Rangement des nombres décimaux arithmétiques.pdf,6e,Mathematiques,Numérique,04,Rangement des nombres décimaux arithmétiques,Exercices,124920,premium
C:\Users\DELL\OneDrive\Desktop\00 - DOCS PERSONNELS & PROJETS\P01- FAYEMATH ACADEMY\03 - CONTENU PÉDAGOGIQUE\COLLEGE\6e - Maths\01 - Activités Numériques\Chap 04 - Rangement des nombres décimaux arithmétiques\03 - Corrections\Corrigé - Chap 04 - Rangement des nombres décimaux arithmétiques.pdf,6e,Mathematiques,Numérique,04,Rangement des nombres décimaux arithmétiques,Corrigé,137752,premium
C:\Users\DELL\OneDrive\Desktop\00 - DOCS PERSONNELS & PROJETS\P01- FAYEMATH ACADEMY\03 - CONTENU PÉDAGOGIQUE\COLLEGE\6e - Maths\01 - Activités Numériques\Chap 04 - Rangement des nombres décimaux arithmétiques\04 - Révisions\Révision - Chap 04 - Rangement des nombres décimaux arithmétiques.pdf,6e,Mathematiques,Numérique,04,Rangement des nombres décimaux arithmétiques,Révision,127792,gratuit
C:\Users\DELL\OneDrive\Desktop\00 - DOCS PERSONNELS & PROJETS\P01- FAYEMATH ACADEMY\03 - CONTENU PÉDAGOGIQUE\COLLEGE\6e - Maths\01 - Activités Numériques\Chap 05 - Multiplication des nombres décimaux arithmétiques\01 - Cours\Cours - Chap 05 - Multiplication des nombres décimaux arithmétiques.pdf,6e,Mathematiques,Numérique,05,Multiplication des nombres décimaux arithmétiques,Cours,179915,gratuit
C:\Users\DELL\OneDrive\Desktop\00 - DOCS PERSONNELS & PROJETS\P01- FAYEMATH ACADEMY\03 - CONTENU PÉDAGOGIQUE\COLLEGE\6e - Maths\01 - Activités Numériques\Chap 05 - Multiplication des nombres décimaux arithmétiques\02 - Exercices\Exercices - Chap 05 - Multiplication des nombres décimaux arithmétiques.pdf,6e,Mathematiques,Numérique,05,Multiplication des nombres décimaux arithmétiques,Exercices,122360,premium
C:\Users\DELL\OneDrive\Desktop\00 - DOCS PERSONNELS & PROJETS\P01- FAYEMATH ACADEMY\03 - CONTENU PÉDAGOGIQUE\COLLEGE\6e - Maths\01 - Activités Numériques\Chap 05 - Multiplication des nombres décimaux arithmétiques\03 - Corrections\Corrigé - Chap 05 - Multiplication des nombres décimaux arithmétiques.pdf,6e,Mathematiques,Numérique,05,Multiplication des nombres décimaux arithmétiques,Corrigé,134218,premium
C:\Users\DELL\OneDrive\Desktop\00 - DOCS PERSONNELS & PROJETS\P01- FAYEMATH ACADEMY\03 - CONTENU PÉDAGOGIQUE\COLLEGE\6e - Maths\01 - Activités Numériques\Chap 05 - Multiplication des nombres décimaux arithmétiques\04 - Révisions\Révision - Chap 05 - Multiplication des nombres décimaux arithmétiques.pdf,6e,Mathematiques,Numérique,05,Multiplication des nombres décimaux arithmétiques,Révision,132007,gratuit
C:\Users\DELL\OneDrive\Desktop\00 - DOCS PERSONNELS & PROJETS\P01- FAYEMATH ACADEMY\03 - CONTENU PÉDAGOGIQUE\COLLEGE\6e - Maths\01 - Activités Numériques\Chap 06 - Division des nombres décimaux arithmétiques\01 - Cours\Cours - Chap 06 - Division des nombres décimaux arithmétiques.pdf,6e,Mathematiques,Numérique,06,Division des nombres décimaux arithmétiques,Cours,142043,gratuit
C:\Users\DELL\OneDrive\Desktop\00 - DOCS PERSONNELS & PROJETS\P01- FAYEMATH ACADEMY\03 - CONTENU PÉDAGOGIQUE\COLLEGE\6e - Maths\01 - Activités Numériques\Chap 06 - Division des nombres décimaux arithmétiques\02 - Exercices\Exercices - Chap 06 - Division des nombres décimaux arithmétiques.pdf,6e,Mathematiques,Numérique,06,Division des nombres décimaux arithmétiques,Exercices,124576,premium
C:\Users\DELL\OneDrive\Desktop\00 - DOCS PERSONNELS & PROJETS\P01- FAYEMATH ACADEMY\03 - CONTENU PÉDAGOGIQUE\COLLEGE\6e - Maths\01 - Activités Numériques\Chap 06 - Division des nombres décimaux arithmétiques\03 - Corrections\Corrigé - Chap 06 - Division des nombres décimaux arithmétiques.pdf,6e,Mathematiques,Numérique,06,Division des nombres décimaux arithmétiques,Corrigé,144719,premium
C:\Users\DELL\OneDrive\Desktop\00 - DOCS PERSONNELS & PROJETS\P01- FAYEMATH ACADEMY\03 - CONTENU PÉDAGOGIQUE\COLLEGE\6e - Maths\01 - Activités Numériques\Chap 06 - Division des nombres décimaux arithmétiques\04 - Révisions\Révision - Chap 06 - Division des nombres décimaux arithmétiques.pdf,6e,Mathematiques,Numérique,06,Division des nombres décimaux arithmétiques,Révision,133457,gratuit
C:\Users\DELL\OneDrive\Desktop\00 - DOCS PERSONNELS & PROJETS\P01- FAYEMATH ACADEMY\03 - CONTENU PÉDAGOGIQUE\COLLEGE\6e - Maths\01 - Activités Numériques\Chap 07 - Organisation d'un calcul\01 - Cours\Cours - Chap 07 - Organisation d'un calcul.pdf,6e,Mathematiques,Numérique,07,Organisation d'un calcul,Cours,161653,gratuit
C:\Users\DELL\OneDrive\Desktop\00 - DOCS PERSONNELS & PROJETS\P01- FAYEMATH ACADEMY\03 - CONTENU PÉDAGOGIQUE\COLLEGE\6e - Maths\01 - Activités Numériques\Chap 07 - Organisation d'un calcul\02 - Exercices\Exercices - Chap 07 - Organisation d'un calcul.pdf,6e,Mathematiques,Numérique,07,Organisation d'un calcul,Exercices,127430,premium
C:\Users\DELL\OneDrive\Desktop\00 - DOCS PERSONNELS & PROJETS\P01- FAYEMATH ACADEMY\03 - CONTENU PÉDAGOGIQUE\COLLEGE\6e - Maths\01 - Activités Numériques\Chap 07 - Organisation d'un calcul\03 - Corrections\Corrigé - Chap 07 - Organisation d'un calcul.pdf,6e,Mathematiques,Numérique,07,Organisation d'un calcul,Corrigé,146379,premium
C:\Users\DELL\OneDrive\Desktop\00 - DOCS PERSONNELS & PROJETS\P01- FAYEMATH ACADEMY\03 - CONTENU PÉDAGOGIQUE\COLLEGE\6e - Maths\01 - Activités Numériques\Chap 07 - Organisation d'un calcul\04 - Révisions\Révision - Chap 07 - Organisation d'un calcul.pdf,6e,Mathematiques,Numérique,07,Organisation d'un calcul,Révision,143033,gratuit
C:\Users\DELL\OneDrive\Desktop\00 - DOCS PERSONNELS & PROJETS\P01- FAYEMATH ACADEMY\03 - CONTENU PÉDAGOGIQUE\COLLEGE\6e - Maths\01 - Activités Numériques\Chap 08 - Proportionnalité\01 - Cours\Cours - Chap 08 - Proportionnalité.pdf,6e,Mathematiques,Numérique,08,Proportionnalité,Cours,176717,gratuit
C:\Users\DELL\OneDrive\Desktop\00 - DOCS PERSONNELS & PROJETS\P01- FAYEMATH ACADEMY\03 - CONTENU PÉDAGOGIQUE\COLLEGE\6e - Maths\01 - Activités Numériques\Chap 08 - Proportionnalité\02 - Exercices\Exercices - Chap 08 - Proportionnalité.pdf,6e,Mathematiques,Numérique,08,Proportionnalité,Exercices,123438,premium
C:\Users\DELL\OneDrive\Desktop\00 - DOCS PERSONNELS & PROJETS\P01- FAYEMATH ACADEMY\03 - CONTENU PÉDAGOGIQUE\COLLEGE\6e - Maths\01 - Activités Numériques\Chap 08 - Proportionnalité\03 - Corrections\Corrigé - Chap 08 - Proportionnalité.pdf,6e,Mathematiques,Numérique,08,Proportionnalité,Corrigé,132126,premium
C:\Users\DELL\OneDrive\Desktop\00 - DOCS PERSONNELS & PROJETS\P01- FAYEMATH ACADEMY\03 - CONTENU PÉDAGOGIQUE\COLLEGE\6e - Maths\01 - Activités Numériques\Chap 08 - Proportionnalité\04 - Révisions\Révision - Chap 08 - Proportionnalité.pdf,6e,Mathematiques,Numérique,08,Proportionnalité,Révision,149926,gratuit
C:\Users\DELL\OneDrive\Desktop\00 - DOCS PERSONNELS & PROJETS\P01- FAYEMATH ACADEMY\03 - CONTENU PÉDAGOGIQUE\COLLEGE\6e - Maths\01 - Activités Numériques\Chap 09 - Nombres décimaux relatifs\01 - Cours\Cours - Chap 09 - Nombres décimaux relatifs.pdf,6e,Mathematiques,Numérique,09,Nombres décimaux relatifs,Cours,178791,gratuit
C:\Users\DELL\OneDrive\Desktop\00 - DOCS PERSONNELS & PROJETS\P01- FAYEMATH ACADEMY\03 - CONTENU PÉDAGOGIQUE\COLLEGE\6e - Maths\01 - Activités Numériques\Chap 09 - Nombres décimaux relatifs\02 - Exercices\Exercices - Chap 09 - Nombres décimaux relatifs.pdf,6e,Mathematiques,Numérique,09,Nombres décimaux relatifs,Exercices,146754,premium
C:\Users\DELL\OneDrive\Desktop\00 - DOCS PERSONNELS & PROJETS\P01- FAYEMATH ACADEMY\03 - CONTENU PÉDAGOGIQUE\COLLEGE\6e - Maths\01 - Activités Numériques\Chap 09 - Nombres décimaux relatifs\03 - Corrections\Corrigé - Chap 09 - Nombres décimaux relatifs.pdf,6e,Mathematiques,Numérique,09,Nombres décimaux relatifs,Corrigé,159579,premium
C:\Users\DELL\OneDrive\Desktop\00 - DOCS PERSONNELS & PROJETS\P01- FAYEMATH ACADEMY\03 - CONTENU PÉDAGOGIQUE\COLLEGE\6e - Maths\01 - Activités Numériques\Chap 09 - Nombres décimaux relatifs\04 - Révisions\Révision - Chap 09 - Nombres décimaux relatifs.pdf,6e,Mathematiques,Numérique,09,Nombres décimaux relatifs,Révision,163627,gratuit
C:\Users\DELL\OneDrive\Desktop\00 - DOCS PERSONNELS & PROJETS\P01- FAYEMATH ACADEMY\03 - CONTENU PÉDAGOGIQUE\COLLEGE\6e - Maths\01 - Activités Numériques\Chap 10 - Repérage\01 - Cours\Cours - Chap 10 - Repérage.pdf,6e,Mathematiques,Numérique,10,Repérage,Cours,143653,gratuit
C:\Users\DELL\OneDrive\Desktop\00 - DOCS PERSONNELS & PROJETS\P01- FAYEMATH ACADEMY\03 - CONTENU PÉDAGOGIQUE\COLLEGE\6e - Maths\01 - Activités Numériques\Chap 10 - Repérage\02 - Exercices\Exercices - Chap 10 - Repérage.pdf,6e,Mathematiques,Numérique,10,Repérage,Exercices,130234,premium
C:\Users\DELL\OneDrive\Desktop\00 - DOCS PERSONNELS & PROJETS\P01- FAYEMATH ACADEMY\03 - CONTENU PÉDAGOGIQUE\COLLEGE\6e - Maths\01 - Activités Numériques\Chap 10 - Repérage\03 - Corrections\Corrigé - Chap 10 - Repérage.pdf,6e,Mathematiques,Numérique,10,Repérage,Corrigé,139308,premium
C:\Users\DELL\OneDrive\Desktop\00 - DOCS PERSONNELS & PROJETS\P01- FAYEMATH ACADEMY\03 - CONTENU PÉDAGOGIQUE\COLLEGE\6e - Maths\01 - Activités Numériques\Chap 10 - Repérage\04 - Révisions\Révision - Chap 10 - Repérage.pdf,6e,Mathematiques,Numérique,10,Repérage,Révision,155986,gratuit
C:\Users\DELL\OneDrive\Desktop\00 - DOCS PERSONNELS & PROJETS\P01- FAYEMATH ACADEMY\03 - CONTENU PÉDAGOGIQUE\COLLEGE\6e - Maths\02 - Activités Géométriques\Chap 01 - Introduction à la géométrie\01 - Cours\Cours - Chap 01 - Introduction à la géométrie.pdf,6e,Mathematiques,Géométrique,01,Introduction à la géométrie,Cours,134091,gratuit
C:\Users\DELL\OneDrive\Desktop\00 - DOCS PERSONNELS & PROJETS\P01- FAYEMATH ACADEMY\03 - CONTENU PÉDAGOGIQUE\COLLEGE\6e - Maths\02 - Activités Géométriques\Chap 01 - Introduction à la géométrie\02 - Exercices\Exercices - Chap 01 - Introduction à la géométrie.pdf,6e,Mathematiques,Géométrique,01,Introduction à la géométrie,Exercices,129176,gratuit
C:\Users\DELL\OneDrive\Desktop\00 - DOCS PERSONNELS & PROJETS\P01- FAYEMATH ACADEMY\03 - CONTENU PÉDAGOGIQUE\COLLEGE\6e - Maths\02 - Activités Géométriques\Chap 01 - Introduction à la géométrie\03 - Corrections\Corrigé - Chap 01 - Introduction à la géométrie.pdf,6e,Mathematiques,Géométrique,01,Introduction à la géométrie,Corrigé,141742,premium
C:\Users\DELL\OneDrive\Desktop\00 - DOCS PERSONNELS & PROJETS\P01- FAYEMATH ACADEMY\03 - CONTENU PÉDAGOGIQUE\COLLEGE\6e - Maths\02 - Activités Géométriques\Chap 01 - Introduction à la géométrie\04 - Révisions\Révision - Chap 01 - Introduction à la géométrie.pdf,6e,Mathematiques,Géométrique,01,Introduction à la géométrie,Révision,133609,gratuit
C:\Users\DELL\OneDrive\Desktop\00 - DOCS PERSONNELS & PROJETS\P01- FAYEMATH ACADEMY\03 - CONTENU PÉDAGOGIQUE\COLLEGE\6e - Maths\02 - Activités Géométriques\Chap 02 - Le cercle\01 - Cours\Cours - Chap 02 - Le cercle.pdf,6e,Mathematiques,Géométrique,02,Le cercle,Cours,135801,gratuit
C:\Users\DELL\OneDrive\Desktop\00 - DOCS PERSONNELS & PROJETS\P01- FAYEMATH ACADEMY\03 - CONTENU PÉDAGOGIQUE\COLLEGE\6e - Maths\02 - Activités Géométriques\Chap 02 - Le cercle\02 - Exercices\Exercices - Chap 02 - Le cercle.pdf,6e,Mathematiques,Géométrique,02,Le cercle,Exercices,126097,gratuit
C:\Users\DELL\OneDrive\Desktop\00 - DOCS PERSONNELS & PROJETS\P01- FAYEMATH ACADEMY\03 - CONTENU PÉDAGOGIQUE\COLLEGE\6e - Maths\02 - Activités Géométriques\Chap 02 - Le cercle\03 - Corrections\Corrigé - Chap 02 - Le cercle.pdf,6e,Mathematiques,Géométrique,02,Le cercle,Corrigé,141630,premium
C:\Users\DELL\OneDrive\Desktop\00 - DOCS PERSONNELS & PROJETS\P01- FAYEMATH ACADEMY\03 - CONTENU PÉDAGOGIQUE\COLLEGE\6e - Maths\02 - Activités Géométriques\Chap 02 - Le cercle\04 - Révisions\Révision - Chap 02 - Le cercle.pdf,6e,Mathematiques,Géométrique,02,Le cercle,Révision,133301,gratuit
C:\Users\DELL\OneDrive\Desktop\00 - DOCS PERSONNELS & PROJETS\P01- FAYEMATH ACADEMY\03 - CONTENU PÉDAGOGIQUE\COLLEGE\6e - Maths\02 - Activités Géométriques\Chap 03 - Droites perpendiculaires et droites parallèles\01 - Cours\Cours - Chap 03 - Droites perpendiculaires et droites parallèles.pdf,6e,Mathematiques,Géométrique,03,Droites perpendiculaires et droites parallèles,Cours,153615,gratuit
C:\Users\DELL\OneDrive\Desktop\00 - DOCS PERSONNELS & PROJETS\P01- FAYEMATH ACADEMY\03 - CONTENU PÉDAGOGIQUE\COLLEGE\6e - Maths\02 - Activités Géométriques\Chap 03 - Droites perpendiculaires et droites parallèles\02 - Exercices\Exercices - Chap 03 - Droites perpendiculaires et droites parallèles.pdf,6e,Mathematiques,Géométrique,03,Droites perpendiculaires et droites parallèles,Exercices,150297,premium
C:\Users\DELL\OneDrive\Desktop\00 - DOCS PERSONNELS & PROJETS\P01- FAYEMATH ACADEMY\03 - CONTENU PÉDAGOGIQUE\COLLEGE\6e - Maths\02 - Activités Géométriques\Chap 03 - Droites perpendiculaires et droites parallèles\03 - Corrections\Corrigé - Chap 03 - Droites perpendiculaires et droites parallèles.pdf,6e,Mathematiques,Géométrique,03,Droites perpendiculaires et droites parallèles,Corrigé,159855,premium
C:\Users\DELL\OneDrive\Desktop\00 - DOCS PERSONNELS & PROJETS\P01- FAYEMATH ACADEMY\03 - CONTENU PÉDAGOGIQUE\COLLEGE\6e - Maths\02 - Activités Géométriques\Chap 03 - Droites perpendiculaires et droites parallèles\04 - Révisions\Révision - Chap 03 - Droites perpendiculaires et droites parallèles.pdf,6e,Mathematiques,Géométrique,03,Droites perpendiculaires et droites parallèles,Révision,151228,gratuit
C:\Users\DELL\OneDrive\Desktop\00 - DOCS PERSONNELS & PROJETS\P01- FAYEMATH ACADEMY\03 - CONTENU PÉDAGOGIQUE\COLLEGE\6e - Maths\02 - Activités Géométriques\Chap 04 - Symétrie orthogonale\01 - Cours\Cours - Chap 04 - Symétrie orthogonale.pdf,6e,Mathematiques,Géométrique,04,Symétrie orthogonale,Cours,154179,gratuit
C:\Users\DELL\OneDrive\Desktop\00 - DOCS PERSONNELS & PROJETS\P01- FAYEMATH ACADEMY\03 - CONTENU PÉDAGOGIQUE\COLLEGE\6e - Maths\02 - Activités Géométriques\Chap 04 - Symétrie orthogonale\02 - Exercices\Exercices - Chap 04 - Symétrie orthogonale.pdf,6e,Mathematiques,Géométrique,04,Symétrie orthogonale,Exercices,147560,premium
C:\Users\DELL\OneDrive\Desktop\00 - DOCS PERSONNELS & PROJETS\P01- FAYEMATH ACADEMY\03 - CONTENU PÉDAGOGIQUE\COLLEGE\6e - Maths\02 - Activités Géométriques\Chap 04 - Symétrie orthogonale\03 - Corrections\Corrigé - Chap 04 - Symétrie orthogonale.pdf,6e,Mathematiques,Géométrique,04,Symétrie orthogonale,Corrigé,163465,premium
C:\Users\DELL\OneDrive\Desktop\00 - DOCS PERSONNELS & PROJETS\P01- FAYEMATH ACADEMY\03 - CONTENU PÉDAGOGIQUE\COLLEGE\6e - Maths\02 - Activités Géométriques\Chap 04 - Symétrie orthogonale\04 - Révisions\Révision - Chap 04 - Symétrie orthogonale.pdf,6e,Mathematiques,Géométrique,04,Symétrie orthogonale,Révision,138684,gratuit
C:\Users\DELL\OneDrive\Desktop\00 - DOCS PERSONNELS & PROJETS\P01- FAYEMATH ACADEMY\03 - CONTENU PÉDAGOGIQUE\COLLEGE\6e - Maths\02 - Activités Géométriques\Chap 05 - Les angles\01 - Cours\Cours - Chap 05 - Les angles.pdf,6e,Mathematiques,Géométrique,05,Les angles,Cours,171550,gratuit
C:\Users\DELL\OneDrive\Desktop\00 - DOCS PERSONNELS & PROJETS\P01- FAYEMATH ACADEMY\03 - CONTENU PÉDAGOGIQUE\COLLEGE\6e - Maths\02 - Activités Géométriques\Chap 05 - Les angles\02 - Exercices\Exercices - Chap 05 - Les angles.pdf,6e,Mathematiques,Géométrique,05,Les angles,Exercices,158542,premium
C:\Users\DELL\OneDrive\Desktop\00 - DOCS PERSONNELS & PROJETS\P01- FAYEMATH ACADEMY\03 - CONTENU PÉDAGOGIQUE\COLLEGE\6e - Maths\02 - Activités Géométriques\Chap 05 - Les angles\03 - Corrections\Corrigé - Chap 05 - Les angles.pdf,6e,Mathematiques,Géométrique,05,Les angles,Corrigé,173356,premium
C:\Users\DELL\OneDrive\Desktop\00 - DOCS PERSONNELS & PROJETS\P01- FAYEMATH ACADEMY\03 - CONTENU PÉDAGOGIQUE\COLLEGE\6e - Maths\02 - Activités Géométriques\Chap 05 - Les angles\04 - Révisions\Révision - Chap 05 - Les angles.pdf,6e,Mathematiques,Géométrique,05,Les angles,Révision,164662,gratuit
C:\Users\DELL\OneDrive\Desktop\00 - DOCS PERSONNELS & PROJETS\P01- FAYEMATH ACADEMY\03 - CONTENU PÉDAGOGIQUE\COLLEGE\6e - Maths\02 - Activités Géométriques\Chap 06 - Les polygones\01 - Cours\Cours - Chap 06 - Les polygones.pdf,6e,Mathematiques,Géométrique,06,Les polygones,Cours,166900,gratuit
C:\Users\DELL\OneDrive\Desktop\00 - DOCS PERSONNELS & PROJETS\P01- FAYEMATH ACADEMY\03 - CONTENU PÉDAGOGIQUE\COLLEGE\6e - Maths\02 - Activités Géométriques\Chap 06 - Les polygones\02 - Exercices\Exercices - Chap 06 - Les polygones.pdf,6e,Mathematiques,Géométrique,06,Les polygones,Exercices,150380,premium
C:\Users\DELL\OneDrive\Desktop\00 - DOCS PERSONNELS & PROJETS\P01- FAYEMATH ACADEMY\03 - CONTENU PÉDAGOGIQUE\COLLEGE\6e - Maths\02 - Activités Géométriques\Chap 06 - Les polygones\03 - Corrections\Corrigé - Chap 06 - Les polygones.pdf,6e,Mathematiques,Géométrique,06,Les polygones,Corrigé,157339,premium
C:\Users\DELL\OneDrive\Desktop\00 - DOCS PERSONNELS & PROJETS\P01- FAYEMATH ACADEMY\03 - CONTENU PÉDAGOGIQUE\COLLEGE\6e - Maths\02 - Activités Géométriques\Chap 06 - Les polygones\04 - Révisions\Révision - Chap 06 - Les polygones.pdf,6e,Mathematiques,Géométrique,06,Les polygones,Révision,131357,gratuit
C:\Users\DELL\OneDrive\Desktop\00 - DOCS PERSONNELS & PROJETS\P01- FAYEMATH ACADEMY\03 - CONTENU PÉDAGOGIQUE\COLLEGE\6e - Maths\02 - Activités Géométriques\Chap 07 - Les aires\01 - Cours\Cours - Chap 07 - Les aires.pdf,6e,Mathematiques,Géométrique,07,Les aires,Cours,165178,gratuit
C:\Users\DELL\OneDrive\Desktop\00 - DOCS PERSONNELS & PROJETS\P01- FAYEMATH ACADEMY\03 - CONTENU PÉDAGOGIQUE\COLLEGE\6e - Maths\02 - Activités Géométriques\Chap 07 - Les aires\02 - Exercices\Exercices - Chap 07 - Les aires.pdf,6e,Mathematiques,Géométrique,07,Les aires,Exercices,148487,premium
C:\Users\DELL\OneDrive\Desktop\00 - DOCS PERSONNELS & PROJETS\P01- FAYEMATH ACADEMY\03 - CONTENU PÉDAGOGIQUE\COLLEGE\6e - Maths\02 - Activités Géométriques\Chap 07 - Les aires\03 - Corrections\Corrigé - Chap 07 - Les aires.pdf,6e,Mathematiques,Géométrique,07,Les aires,Corrigé,174178,premium
C:\Users\DELL\OneDrive\Desktop\00 - DOCS PERSONNELS & PROJETS\P01- FAYEMATH ACADEMY\03 - CONTENU PÉDAGOGIQUE\COLLEGE\6e - Maths\02 - Activités Géométriques\Chap 07 - Les aires\04 - Révisions\Révision - Chap 07 - Les aires.pdf,6e,Mathematiques,Géométrique,07,Les aires,Révision,153565,gratuit
C:\Users\DELL\OneDrive\Desktop\00 - DOCS PERSONNELS & PROJETS\P01- FAYEMATH ACADEMY\03 - CONTENU PÉDAGOGIQUE\COLLEGE\6e - Maths\02 - Activités Géométriques\Chap 08 - La géométrie dans l'espace\01 - Cours\Cours - Chap 08 - La géométrie dans l'espace.pdf,6e,Mathematiques,Géométrique,08,La géométrie dans l'espace,Cours,180984,gratuit
C:\Users\DELL\OneDrive\Desktop\00 - DOCS PERSONNELS & PROJETS\P01- FAYEMATH ACADEMY\03 - CONTENU PÉDAGOGIQUE\COLLEGE\6e - Maths\02 - Activités Géométriques\Chap 08 - La géométrie dans l'espace\02 - Exercices\Exercices - Chap 08 - La géométrie dans l'espace.pdf,6e,Mathematiques,Géométrique,08,La géométrie dans l'espace,Exercices,141241,premium
C:\Users\DELL\OneDrive\Desktop\00 - DOCS PERSONNELS & PROJETS\P01- FAYEMATH ACADEMY\03 - CONTENU PÉDAGOGIQUE\COLLEGE\6e - Maths\02 - Activités Géométriques\Chap 08 - La géométrie dans l'espace\03 - Corrections\Corrigé - Chap 08 - La géométrie dans l'espace.pdf,6e,Mathematiques,Géométrique,08,La géométrie dans l'espace,Corrigé,194282,premium
C:\Users\DELL\OneDrive\Desktop\00 - DOCS PERSONNELS & PROJETS\P01- FAYEMATH ACADEMY\03 - CONTENU PÉDAGOGIQUE\COLLEGE\6e - Maths\02 - Activités Géométriques\Chap 08 - La géométrie dans l'espace\04 - Révisions\Révision - Chap 08 - La géométrie dans l'espace.pdf,6e,Mathematiques,Géométrique,08,La géométrie dans l'espace,Révision,152520,gratuit
C:\Users\DELL\OneDrive\Desktop\00 - DOCS PERSONNELS & PROJETS\P01- FAYEMATH ACADEMY\03 - CONTENU PÉDAGOGIQUE\COLLEGE\6e - Maths\02 - Activités Géométriques\Chap 09 - Repérage sur la sphère\01 - Cours\Cours - Chap 09 - Repérage sur la sphère.pdf,6e,Mathematiques,Géométrique,09,Repérage sur la sphère,Cours,146251,gratuit
C:\Users\DELL\OneDrive\Desktop\00 - DOCS PERSONNELS & PROJETS\P01- FAYEMATH ACADEMY\03 - CONTENU PÉDAGOGIQUE\COLLEGE\6e - Maths\02 - Activités Géométriques\Chap 09 - Repérage sur la sphère\02 - Exercices\Exercices - Chap 09 - Repérage sur la sphère.pdf,6e,Mathematiques,Géométrique,09,Repérage sur la sphère,Exercices,138504,premium
C:\Users\DELL\OneDrive\Desktop\00 - DOCS PERSONNELS & PROJETS\P01- FAYEMATH ACADEMY\03 - CONTENU PÉDAGOGIQUE\COLLEGE\6e - Maths\02 - Activités Géométriques\Chap 09 - Repérage sur la sphère\03 - Corrections\Corrigé - Chap 09 - Repérage sur la sphère.pdf,6e,Mathematiques,Géométrique,09,Repérage sur la sphère,Corrigé,145743,premium
C:\Users\DELL\OneDrive\Desktop\00 - DOCS PERSONNELS & PROJETS\P01- FAYEMATH ACADEMY\03 - CONTENU PÉDAGOGIQUE\COLLEGE\6e - Maths\02 - Activités Géométriques\Chap 09 - Repérage sur la sphère\04 - Révisions\Révision - Chap 09 - Repérage sur la sphère.pdf,6e,Mathematiques,Géométrique,09,Repérage sur la sphère,Révision,147791,gratuit
